31,000BFD9e378Cfb7,Cohen: Monroe and Dawson,Nicaragua,http://www.mcguire.com/,Right-sized mission-critical function,2013,Market Research,316
64,0131BE832bFBbE7,Tyler LLC,Zambia,http://bray.biz/,Decentralized grid-enabled infrastructure,1989,Maritime,343
1,fa9dDEFF1e5d9b4,Jefferson Ltd,Chad,https://www.cowan.org/,Exclusive responsive intranet,1998,Veterinary,380
63,1efEc488F2493fb,Shaw Inc,Bouvet Island (Bouvetoya),http://www.andrews-hays.com/,Synchronized foreground frame,1975,Alternative Dispute Resolution,415
55,D6a328f28bC46B4,Taylor: Woodard and Hayden,Finland,http://frey.com/,Secured 24/7 adapter,2000,Supermarkets,567
85,61A1efe4B72DC34,Davenport-Buckley,Dominica,http://blackwell.org/,Multi-tiered analyzing website,2018,Utilities,941
80,8c5F9b0EbC8A51F,Drake LLC,Turks and Caicos Islands,https://watts-allen.net/,Multi-layered radical hierarchy,2009,Motion Pictures / Film,1149
45,75FE1ED6aC2CB6F,Rivera Inc,Brazil,http://www.donovan.info/,Assimilated optimal toolset,2020,Public Relations / PR,1150
38,F5DA7FBEA30eC1d,Mcclure-Mendoza,Lesotho,https://collier.com/,Proactive directional strategy,1978,Philanthropy,1378
6,d0e5cC4Dd2De0da,Woodward PLC,Solomon Islands,http://www.bray.com/,Digitized mobile data-warehouse,2006,Fishery,1442
37,741246062bC0Fe2,Murphy Inc,Philippines,http://bailey-schaefer.com/,Streamlined 4thgeneration flexibility,1978,Public Relations / PR,1465
46,f79fEcaeDCc6CC5,Parrish-Mays,Ecuador,http://www.marshall.net/,Upgradable transitional Graphical User Interface,2019,Entertainment / Movie Production,1508
51,dB9FffecbFB2f82,Moreno Ltd,New Caledonia,https://www.underwood.com/,Multi-layered bandwidth-monitored product,2001,Aviation / Aerospace,1524
8,a9a6c388E7A0Ec8,Duncan: Terrell and Gutierrez,Slovakia (Slovak Republic),http://www.lucas-beck.com/,Synergistic logistical open system,2016,Events Services,1755
39,a46fdCEA171B5C6,Chase Group,El Salvador,https://hodges.com/,Customer-focused next generation functionalities,2016,Investment Management / Hedge Fund / Private Equity,1795
16,0f47D5fc77caE4e,Parks-George,Guyana,https://meza-frank.com/,Open-architected tertiary project,1972,Computer Software / Engineering,1904
77,AbFEb2ECDAbdF41,Haas-Nelson,Congo,http://www.davis.biz/,Enhanced impactful adapter,2020,Mechanical or Industrial Engineering,1940
2,CCBc1EF190D2d35,Jones LLC,New Caledonia,https://www.gamble-elliott.com/,Future-proofed multi-state database,1979,Civic / Social Organization,1947
70,d3E5d3DAbEfF18F,Mckenzie: Mora and Guerrero,Micronesia,http://www.richardson.com/,Sharable context-sensitive array,1971,Medical Practice,1957
34,295Bb5ed55D1bbE,Bentley: Chavez and Bryant,Cameroon,https://www.krueger.info/,Reactive demand-driven function,1998,Non - Profit / Volunteering,1975
30,dBce1Da3f9da3dE,Mooney: Barr and Hodges,Netherlands,https://www.bowers-lamb.com/,Stand-alone heuristic solution,1971,Consumer Services,1992
57,D818bFAA2EF83fd,Hart: Norman and Solis,Algeria,http://www.glenn.info/,Progressive encompassing protocol,1996,Insurance,2098
27,795cc8BF6eBbD5e,Rasmussen-Lawson,Saint Martin,https://www.miranda-munoz.org/,Reduced 24hour complexity,1982,International Affairs,2147
93,ED6f78d8Fef35f9,Cochran PLC,Norway,https://mathis.biz/,Polarized mission-critical instruction set,1983,Commercial Real Estate,2269
71,E9FDA0ccb74DC6c,Johns: Mcdonald and Barber,Taiwan,http://erickson.biz/,Polarized impactful challenge,2002,Computer / Network Security,2337
35,D97Ed4fE1EB45B7,Cooley: Booth and Mathews,Bosnia and Herzegovina,https://www.sharp.com/,Exclusive coherent benchmark,1995,Recreational Facilities / Services,2407
42,009E819DD633af0,Guzman: Powers and Mcdaniel,Moldova,http://www.hurley-lewis.com/,Polarized asymmetric orchestration,1987,Computer Games,2498
78,7eCc8E131B4d26E,Esparza: Bullock and Hale,Guinea-Bissau,https://cervantes.com/,Integrated explicit leverage,2004,Law Enforcement,2521
23,EfcFAE08b8F18D6,Massey: Montoya and Johnston,United States of America,http://lopez.com/,Expanded solution-oriented artificial intelligence,2011,Program Development,2666
20,6D1731FFb5F71f9,Peters: Woodward and Barron,Nigeria,http://www.west.net/,Focused holistic matrix,2018,Military Industry,2717
97,ecA44CdCCec0b29,Baird-Abbott,New Zealand,http://mcmahon.com/,Open-architected transitional artificial intelligence,2010,Entertainment / Movie Production,2979
41,0cB52ADB1075E7a,Briggs Group,Sweden,http://pittman.info/,Switchable transitional circuit,2019,Package / Freight Delivery,3328
89,bFeAd1437FC3B7d,Brown-Cox,Peru,http://www.bruce.net/,Persistent transitional knowledge user,1976,Publishing Industry,3336
86,3B2dEB7CE20f4aE,Carson: Wall and Ayers,Kiribati,http://avila.net/,Exclusive multimedia flexibility,2021,Food / Beverages,3359
60,0e2ecA0fa57b3eC,Ryan-York,Gabon,https://huynh-cain.com/,Enhanced radical groupware,2006,Glass / Ceramics / Concrete,3393
98,C2EDfa5ddC9D76C,Ayers and Sons,South Africa,http://pierce.com/,Focused asymmetric attitude,2004,Music,3515
11,3aD6ba8f11bacE9,Mcclure: Salinas and Huynh,Jersey,https://www.hensley.net/,Future-proofed composite conglomeration,1993,Information Technology / IT,3612
76,7adF117B467fa60,Ferguson Group,Brazil,http://lang.com/,Horizontal directional project,1996,Textiles,3621
15,a0E96b0e932FcF5,Merritt: Charles and Malone,Cocos (Keeling) Islands,http://www.dillon.com/,Persevering regional interface,2022,Information Technology / IT,3646
36,92d60c876A1FE87,Turner: Bradshaw and Werner,Angola,http://www.meyer.com/,Intuitive grid-enabled ability,2001,International Trade / Development,3900
56,5ce4Bf6c2b7C7ac,Kramer: Prince and Rogers,Aruba,https://www.mcknight.com/,Cloned grid-enabled system engine,1978,Fundraising,3915
44,BA3F63f7Da539be,Benson-Horne,Swaziland,https://henson.net/,Triple-buffered upward-trending definition,2009,Information Technology / IT,3925
92,Dc113f88b1bCEA7,Mcconnell: Castro and Jensen,Madagascar,http://donovan-norman.net/,Multi-tiered asynchronous secured line,2011,Restaurants,3987
32,Ffd35fFb6E9cB1a,Frye-Fernandez,Bangladesh,https://www.serrano.biz/,Customizable executive installation,1977,Fishery,4328
54,deEF8CBbfecE07F,Hoffman-Holt,Italy,https://wilkins.net/,Phased composite interface,1991,Online Publishing,4341
84,7B566AE031Cbad6,Pitts PLC,Kiribati,https://rice.com/,Robust system-worthy function,1989,Health / Fitness,4351
52,87eFCBd13fcA9D2,Fry-Huynh,Philippines,http://spears.com/,Advanced user-facing knowledgebase,1989,Recreational Facilities / Services,4461
82,9AC2e52f4d6fE2A,Morrison-Barker,Singapore,http://flynn-dunn.com/,Managed bifurcated concept,2001,Human Resources / HR,4535
99,c130B7aA59C950E,Mcguire and Sons,Mauritania,https://mcdaniel-kemp.biz/,Digitized system-worthy matrices,1982,Design,4793
47,3eBD1fed24f6C1A,Lewis: Stone and Atkinson,Bhutan,http://chang.com/,Universal interactive archive,2006,Non - Profit / Volunteering,4822
5,6d045fc621Eca5B,Leon-Christian,Guinea-Bissau,http://webster-kramer.com/,Synchronized didactic forecast,1994,Marketing / Advertising / Sales,4835
68,EaDc7840cf6e14e,Frye PLC,Bangladesh,http://www.norton.org/,Reactive stable firmware,1993,Museums / Institutions,4887
49,45BffcF57Db2F56,Baker-Bush,Taiwan,http://www.irwin.com/,Future-proofed local core,2017,Outsourcing / Offshoring,4966
75,802f78c56Fc1ced,Stephens: Aguilar and Weber,Belarus,https://www.porter.com/,Business-focused web-enabled open architecture,1980,Professional Training,5013
87,EBc16Caba9271B9,Powell Group,Tajikistan,https://www.valencia-stafford.info/,Cloned multi-state system engine,2005,Political Organization,5173
10,0FaDF4db6A8b47A,Jefferson Ltd,South Georgia and the South Sandwich Islands,https://www.lynn-robles.net/,Polarized homogeneous core,1990,Automotive,5230
96,70b14bEADe9EBFE,Cooper: Sosa and Horn,French Polynesia,http://www.carroll.org/,Assimilated non-volatile intranet,1999,Online Publishing,5321
19,b6e0bA4fEB1e8Ca,Mcdaniel-Kane,Netherlands,https://lowe.org/,De-engineered real-time moratorium,1973,Restaurants,5348
26,eFBd9DDfAD9efbf,Franklin-Wilkinson,Brunei Darussalam,https://robles.com/,Future-proofed context-sensitive artificial intelligence,2018,Utilities,5349
40,ecF2A8a4ce5221F,Christian PLC,Argentina,https://christian-joyce.com/,Centralized dedicated alliance,1980,Farming,5581
66,B45bBd402af75a0,Kent Inc,Bahrain,http://www.sampson.com/,Visionary dedicated matrix,1993,Electrical / Electronic Manufacturing,5599
53,A93BbcA94abEdFc,Chen-Robertson,Tonga,http://pittman.com/,Decentralized client-server architecture,2019,Investment Banking / Venture,5733
25,EeaF8ddDE6B6686,Pace Group,Gambia,http://dillon.info/,Polarized asymmetric workforce,1986,Writing / Editing,5824
90,EeADE0A6f9563f4,Winters Inc,India,http://www.sanford.com/,Visionary directional Graphical User Interface,1986,Government Administration,5843
21,3C8842c4486f1d0,Baker-Montgomery,Cape Verde,https://www.porter-crane.biz/,Polarized dedicated alliance,1979,Insurance,5877
91,90EF564fc3dDe2e,Nixon Ltd,Belarus,http://www.ibarra-conrad.biz/,Down-sized systematic protocol,2019,Staffing / Recruiting,5909
33,69C7A8Fa49Cd35B,Mitchell-Fisher,Morocco,http://marquez.com/,Multi-layered asynchronous secured line,1981,Food Production,5921
72,baBAa4aCaCE4fEA,Henson LLC,Hungary,http://www.villegas.com/,Decentralized asymmetric flexibility,2001,Accounting,6297
9,8b3bebb6fee43fA,Vaughn-Obrien,Faroe Islands,https://moyer-glass.com/,Profit-focused methodical array,1982,Packaging / Containers,6344
28,54A322dB3Dfb9AB,Mata: Farrell and Mclean,Christmas Island,http://www.murray-bowman.info/,Progressive dedicated productivity,1979,Chemicals,6394
13,523f61BC0D60191,Harper-Mcbride,French Southern Territories,https://huber-vaughan.com/,Organized optimal challenge,1970,Mental Health Care,6438
61,E66129B3ddEfB4E,Curry-Gillespie,Saint Martin,https://cannon-baldwin.com/,Programmable responsive synergy,1990,Research Industry,6548
65,Fdc1aa6b1c7e5bc,Buckley-Dougherty,Algeria,https://www.drake-duarte.com/,Ameliorated methodical neural-net,2007,Marketing / Advertising / Sales,6617
83,BD41b3ba8D4ddAb,Everett: Davidson and Blackwell,Lesotho,http://gentry.com/,Enterprise-wide bandwidth-monitored interface,1993,Architecture / Planning,6708
73,4abd00EccC5E5C0,Friedman Group,Malta,http://www.harris.com/,Re-contextualized eco-centric time-frame,2004,Staffing / Recruiting,6824
69,0ef9B1cbAE3eA2E,Everett-Turner,Guernsey,https://www.riggs-kramer.com/,Compatible secondary portal,2011,Information Services,7011
81,6FAEDFE7DBa1Cf5,Larsen: Combs and Mcneil,Sri Lanka,http://www.lamb-stokes.com/,Mandatory 4thgeneration middleware,2011,Logistics / Procurement,7029
12,eFDD3C7010Be2cA,Mora and Sons,Anguilla,https://rocha.com/,Open-architected client-server open architecture,2007,Food / Beverages,7283
4,acDAf5289f8dc5C,Meza: Oconnell and Watts,Paraguay,https://www.hays.com/,Horizontal user-facing orchestration,1971,Architecture / Planning,7489
88,CF649d9FEaFA7dB,Cuevas-Benton,Haiti,https://torres-garcia.com/,Ameliorated local middleware,2014,Medical Equipment,7714
95,8C80F9daB7c9Cf8,Elliott Ltd,Benin,http://www.velazquez.com/,Horizontal 3rdgeneration workforce,1971,Religious Institutions,7885
48,3DAB2cC43FebB6B,Ballard-Pitts,Luxembourg,http://www.pena.com/,Optional neutral policy,2015,Information Services,7918
59,F3BCca4455FdeEC,Boyle: Guzman and Sharp,Austria,https://www.perry.biz/,Implemented even-keeled open architecture,1992,Food Production,7953
67,ffFd5Ae7ebE3e2E,Norris LLC,Belgium,http://cisneros.com/,Synchronized maximized concept,1970,Translation / Localization,7982
18,9cB667cB2Dd3Bd0,Lucero Inc,Australia,https://www.roberson-erickson.com/,Stand-alone scalable groupware,2000,Internet,8005
74,bfa1EfC27e3Dd1D,Howe-Gregory,Angola,https://www.lutz-lambert.biz/,Object-based next generation migration,1995,Maritime,8037
62,950858dCfFD5D0C,Moon-Drake,Montenegro,http://powers-perry.com/,Total empowering product,1981,Environmental Services,8068
50,F7aE196F5C550C8,Cuevas: Zuniga and Shaffer,Lithuania,http://www.johnson.org/,Universal attitude-oriented function,1975,Machinery,8149
24,5e7A8d0bBEc47Af,Montgomery Ltd,Turkey,https://hopkins.biz/,Total multi-tasking functionalities,1990,Food Production,8159
43,AaFBe3Bc1cd449c,Stokes-Henderson,Netherlands,http://woodward-hendricks.net/,Pre-emptive regional Internet solution,2015,Sports,8358
29,5D17f09F44Ab8cE,Perkins-Cooper,Honduras,http://www.rush.com/,Universal eco-centric open system,1984,Publishing Industry,8383
94,5cCE94a0b94a5b6,Marshall Group,Guinea-Bissau,http://austin-valenzuela.org/,Face-to-face multi-state success,2018,Individual / Family Services,8858
100,3D0fc8ac6CCe733,Potter: Dyer and Stout,Iceland,http://www.ochoa.biz/,Right-sized grid-enabled instruction set,2012,Computer Software / Engineering,8904
3,0776D690C5bBF87,Bean and Sons,Somalia,https://walker.org/,Open-source value-added Graphical User Interface,1990,Hospitality,8989
7,f6FbDe4cfDd03F2,Vaughan: Sullivan and Abbott,Libyan Arab Jamahiriya,https://www.ramsey.net/,Synchronized optimizing migration,1970,Leisure / Travel,9376
14,e5AC5CFa7dc3EbF,Tucker Group,Latvia,https://www.bullock-odom.com/,Multi-channeled bi-directional customer loyalty,1992,Pharmaceuticals,9610
17,Bc3FdDc411e7bCc,Mcpherson-Logan,Tajikistan,https://knight.com/,Reactive client-server functionalities,1971,Restaurants,9721
58,AeafD4CAB79EC9F,Hall LLC,Dominican Republic,http://vaughn.info/,Universal bifurcated Local Area Network,1993,Program Development,9833
22,d8b1DAaAdBDFC36,Bush Group,Antigua and Barbuda,http://www.lane-camacho.info/,Mandatory value-added website,1971,Mining / Metals,9944
79,19DCBF8dceEffB1,Charles: Reyes and Flores,Jordan,https://barker.com/,Phased discrete approach,1972,Insurance,9961
